Area harvested (ha),Production (tonnes),Yield (hg/ha),Gross Production Index Number (2014-2016 = 100),Gross per capita Production Index Number (2014-2016 = 100),Rural population,Total Population - Both sexes,Country area,Cropland,"Agriculture, forestry, fishing (Central Government)"
80.0,80.0,80.0,80.0,80.0,80.0,80.0,80.0,80.0,80.0
346533.27499999997,3503865.7662500003,128476.6125,105.846,98.516625,19020.76165,44127.2256125,60849.8584625,7528.086031250001,579.225875
1230832.190268852,9024177.57980687,82698.38631099691,42.951904147236796,37.309626305384896,65004.36656430995,163148.2792984651,147692.33239242012,18194.227999396626,1512.975647628104
0.1,0.31,10246.0,26.82,24.33,1.0,71.428,30.0,0.66,3.0
968.1,8787.115,77418.25,95.96000000000001,87.3925,553.81025,1201.8255,1850.25,120.5,22.685000000000002
20100.1,185959.72999999998,114032.5,102.36,96.19,4541.135,11238.567500000001,12442.5,1769.5,82.685
223769.85,2464418.57,161307.25,110.785,102.335,12677.66,28221.24925,59621.625,5998.25,260.97249999999997
9776650.1,56969160.0,451011.0,331.92,285.2,563653.725,1421864.031,956291.0,134881.0,7705.71
